packets_1,packets_2,packets_3,packets_4
19467,23150,24783,20392
23150,24783,20392,19399
24783,20392,19399,24277
20392,19399,24277,20766
19399,24277,20766,20713
24277,20766,20713,24539
20766,20713,24539,19597
20713,24539,19597,20403
24539,19597,20403,22417
19597,20403,22417,22690
20403,22417,22690,22512
22417,22690,22512,20285
22690,22512,20285,19410
22512,20285,19410,24779
20285,19410,24779,24270
19410,24779,24270,22716
24779,24270,22716,22219
24270,22716,22219,23343
22716,22219,23343,24854
22219,23343,24854,24253
23343,24854,24253,19655
24854,24253,19655,23003
24253,19655,23003,19967
19655,23003,19967,24941
23003,19967,24941,23896
19967,24941,23896,24383
24941,23896,24383,24016
23896,24383,24016,23454
24383,24016,23454,23968
24016,23454,23968,19149
23454,23968,19149,24310
23968,19149,24310,19409
19149,24310,19409,24667
24310,19409,24667,20666
19409,24667,20666,24091
24667,20666,24091,20745
20666,24091,20745,22694
24091,20745,22694,23078
20745,22694,23078,23627
22694,23078,23627,22335
23078,23627,22335,20656
23627,22335,20656,20126
22335,20656,20126,23447
20656,20126,23447,19224
20126,23447,19224,24204
23447,19224,24204,23779
19224,24204,23779,20105
24204,23779,20105,23787
23779,20105,23787,19287
20105,23787,19287,23305
23787,19287,23305,20828
19287,23305,20828,20911
23305,20828,20911,21645
20828,20911,21645,21300
20911,21645,21300,19444
21645,21300,19444,21439
21300,19444,21439,19434
19444,21439,19434,22882
21439,19434,22882,20881
19434,22882,20881,19050
22882,20881,19050,23706
20881,19050,23706,23573
19050,23706,23573,21908
23706,23573,21908,19336
23573,21908,19336,24336
21908,19336,24336,21557
19336,24336,21557,19649
24336,21557,19649,24857
21557,19649,24857,20579
19649,24857,20579,24252
24857,20579,24252,23550
20579,24252,23550,24675
24252,23550,24675,22454
23550,24675,22454,23371
24675,22454,23371,21525
22454,23371,21525,20069
23371,21525,20069,23147
21525,20069,23147,23791
20069,23147,23791,19976
23147,23791,19976,23876
23791,19976,23876,19395
19976,23876,19395,24451
23876,19395,24451,22143
19395,24451,22143,20874
24451,22143,20874,23334
22143,20874,23334,20753
20874,23334,20753,22016
23334,20753,22016,20522
20753,22016,20522,23415
22016,20522,23415,20054
20522,23415,20054,20748
23415,20054,20748,21968
20054,20748,21968,20473
20748,21968,20473,23096
21968,20473,23096,24338
20473,23096,24338,21147
23096,24338,21147,23206
24338,21147,23206,20701
21147,23206,20701,20601
23206,20701,20601,19627
20701,20601,19627,19473
20601,19627,19473,23669
19627,19473,23669,21555
19473,23669,21555,21191
23669,21555,21191,19043
21555,21191,19043,23143
21191,19043,23143,22957
19043,23143,22957,23060
23143,22957,23060,24595
22957,23060,24595,23456
23060,24595,23456,22577
24595,23456,22577,19451
23456,22577,19451,22285
22577,19451,22285,21117
19451,22285,21117,24407
22285,21117,24407,19369
21117,24407,19369,21171
24407,19369,21171,22681
19369,21171,22681,21135
21171,22681,21135,20456
22681,21135,20456,22902
21135,20456,22902,21824
20456,22902,21824,23542
22902,21824,23542,24640
21824,23542,24640,21225
23542,24640,21225,22115
24640,21225,22115,22735
21225,22115,22735,22216
22115,22735,22216,23723
22735,22216,23723,23627
22216,23723,23627,21260
23723,23627,21260,24286
23627,21260,24286,24088
21260,24286,24088,24850
24286,24088,24850,20076
24088,24850,20076,24668
24850,20076,24668,22806
20076,24668,22806,22941
24668,22806,22941,22826
22806,22941,22826,20169
22941,22826,20169,23673
22826,20169,23673,21312
20169,23673,21312,19433
23673,21312,19433,20620
21312,19433,20620,23945
19433,20620,23945,22086
20620,23945,22086,23718
23945,22086,23718,23923
22086,23718,23923,22042
23718,23923,22042,24421
23923,22042,24421,24979
22042,24421,24979,21607
24421,24979,21607,21850
24979,21607,21850,24270
21607,21850,24270,19110
21850,24270,19110,23162
24270,19110,23162,22943
19110,23162,22943,20102
23162,22943,20102,19881
22943,20102,19881,21439
20102,19881,21439,20138
19881,21439,20138,22013
21439,20138,22013,19375
20138,22013,19375,22106
22013,19375,22106,24889
19375,22106,24889,20784
22106,24889,20784,23629
24889,20784,23629,24536
20784,23629,24536,22414
23629,24536,22414,23362
24536,22414,23362,21243
22414,23362,21243,22041
23362,21243,22041,24033
21243,22041,24033,19528
22041,24033,19528,21979
24033,19528,21979,22975
19528,21979,22975,22236
21979,22975,22236,23668
22975,22236,23668,23468
22236,23668,23468,21303
23668,23468,21303,19055
23468,21303,19055,21593
21303,19055,21593,20596
19055,21593,20596,22621
21593,20596,22621,21917
20596,22621,21917,21057
22621,21917,21057,23378
21917,21057,23378,22777
21057,23378,22777,23769
23378,22777,23769,21031
22777,23769,21031,22767
23769,21031,22767,21390
21031,22767,21390,20585
22767,21390,20585,19152
21390,20585,19152,21838
20585,19152,21838,21506
19152,21838,21506,19056
21838,21506,19056,19939
21506,19056,19939,20248
19056,19939,20248,24513
19939,20248,24513,19356
20248,24513,19356,24732
24513,19356,24732,24614
19356,24732,24614,23501
24732,24614,23501,21258
24614,23501,21258,19818
23501,21258,19818,19715
21258,19818,19715,21760
19818,19715,21760,23650
19715,21760,23650,21289
21760,23650,21289,21902
23650,21289,21902,22985
21289,21902,22985,21208
21902,22985,21208,21759
22985,21208,21759,22682
21208,21759,22682,22191
21759,22682,22191,22641
22682,22191,22641,21949
22191,22641,21949,24785
22641,21949,24785,23635
21949,24785,23635,19675
24785,23635,19675,21917
23635,19675,21917,19946
19675,21917,19946,23992
21917,19946,23992,24266
19946,23992,24266,23296
23992,24266,23296,20603
24266,23296,20603,23578
23296,20603,23578,19453
20603,23578,19453,24341
23578,19453,24341,20012
19453,24341,20012,24969
24341,20012,24969,19552
20012,24969,19552,22555
24969,19552,22555,22052
19552,22555,22052,21941
22555,22052,21941,21851
22052,21941,21851,19320
21941,21851,19320,24586
21851,19320,24586,19474
19320,24586,19474,19015
24586,19474,19015,23461
19474,19015,23461,23633
19015,23461,23633,19956
23461,23633,19956,20661
23633,19956,20661,22805
19956,20661,22805,21998
20661,22805,21998,20992
22805,21998,20992,22445
21998,20992,22445,23079
20992,22445,23079,22259
22445,23079,22259,19244
23079,22259,19244,21686
22259,19244,21686,20811
19244,21686,20811,24810
21686,20811,24810,22031
20811,24810,22031,23043
24810,22031,23043,24013
22031,23043,24013,22531
23043,24013,22531,22207
24013,22531,22207,23863
22531,22207,23863,22549
22207,23863,22549,20125
23863,22549,20125,19362
22549,20125,19362,22025
20125,19362,22025,22352
19362,22025,22352,20593
22025,22352,20593,24951
22352,20593,24951,22600
20593,24951,22600,24386
24951,22600,24386,20552
22600,24386,20552,19244
24386,20552,19244,22878
20552,19244,22878,21664
19244,22878,21664,19887
22878,21664,19887,19351
21664,19887,19351,19795
19887,19351,19795,21698
19351,19795,21698,23462
19795,21698,23462,20683
21698,23462,20683,20308
23462,20683,20308,21387
20683,20308,21387,21036
20308,21387,21036,21454
21387,21036,21454,24750
21036,21454,24750,21931
21454,24750,21931,21747
24750,21931,21747,20196
21931,21747,20196,20809
21747,20196,20809,19232
20196,20809,19232,20755
20809,19232,20755,20885
19232,20755,20885,24880
20755,20885,24880,22612
20885,24880,22612,19905
24880,22612,19905,24202
22612,19905,24202,21786
19905,24202,21786,21465
24202,21786,21465,21767
21786,21465,21767,24419
21465,21767,24419,19512
21767,24419,19512,21830
24419,19512,21830,23768
19512,21830,23768,24313
21830,23768,24313,22214
23768,24313,22214,23005
24313,22214,23005,22718
22214,23005,22718,20682
23005,22718,20682,24650
22718,20682,24650,22814
20682,24650,22814,20024
24650,22814,20024,20820
22814,20024,20820,22858
20024,20820,22858,24210
20820,22858,24210,19824
22858,24210,19824,20779
24210,19824,20779,22002
19824,20779,22002,21787
20779,22002,21787,24215
22002,21787,24215,23674
21787,24215,23674,21081
24215,23674,21081,23721
23674,21081,23721,23827
21081,23721,23827,21007
23721,23827,21007,20411
23827,21007,20411,21762
21007,20411,21762,23791
20411,21762,23791,22037
21762,23791,22037,20805
23791,22037,20805,22522
22037,20805,22522,23292
20805,22522,23292,21958
22522,23292,21958,20821
23292,21958,20821,23604
21958,20821,23604,21538
20821,23604,21538,20179
23604,21538,20179,19083
21538,20179,19083,20126
20179,19083,20126,21265
19083,20126,21265,22249
20126,21265,22249,20276
21265,22249,20276,23010
22249,20276,23010,23812
20276,23010,23812,24746
23010,23812,24746,24374
23812,24746,24374,21330
24746,24374,21330,24139
24374,21330,24139,19197
21330,24139,19197,20344
24139,19197,20344,22343
19197,20344,22343,22159
20344,22343,22159,19598
22343,22159,19598,22408
22159,19598,22408,20587
19598,22408,20587,22783
22408,20587,22783,19518
20587,22783,19518,20745
22783,19518,20745,20593
19518,20745,20593,19552
20745,20593,19552,21391
20593,19552,21391,19185
19552,21391,19185,20617
21391,19185,20617,21104
19185,20617,21104,22355
20617,21104,22355,22019
21104,22355,22019,21225
22355,22019,21225,24121
22019,21225,24121,20678
21225,24121,20678,19056
24121,20678,19056,22470
20678,19056,22470,22046
19056,22470,22046,21060
22470,22046,21060,22611
22046,21060,22611,21132
21060,22611,21132,23571
22611,21132,23571,24046
21132,23571,24046,21054
23571,24046,21054,20253
24046,21054,20253,19964
21054,20253,19964,19953
20253,19964,19953,23793
19964,19953,23793,19858
19953,23793,19858,21198
23793,19858,21198,21652
19858,21198,21652,24898
21198,21652,24898,20394
21652,24898,20394,22379
24898,20394,22379,23108
20394,22379,23108,23522
22379,23108,23522,20904
23108,23522,20904,21573
23522,20904,21573,23383
20904,21573,23383,21596
21573,23383,21596,19940
23383,21596,19940,19646
21596,19940,19646,20551
19940,19646,20551,20973
19646,20551,20973,24967
20551,20973,24967,19905
20973,24967,19905,23826
24967,19905,23826,21006
19905,23826,21006,24403
23826,21006,24403,21776
21006,24403,21776,19721
24403,21776,19721,20978
21776,19721,20978,21270
19721,20978,21270,23781
20978,21270,23781,21682
21270,23781,21682,22540
23781,21682,22540,20505
21682,22540,20505,21414
22540,20505,21414,22219
20505,21414,22219,24754
21414,22219,24754,21757
22219,24754,21757,19453
24754,21757,19453,19753
21757,19453,19753,24551
19453,19753,24551,22077
19753,24551,22077,21422
24551,22077,21422,22853
22077,21422,22853,20467
21422,22853,20467,19988
22853,20467,19988,23287
20467,19988,23287,22990
19988,23287,22990,24979
23287,22990,24979,24577
22990,24979,24577,22001
24979,24577,22001,20186
24577,22001,20186,21282
22001,20186,21282,19772
20186,21282,19772,23390
21282,19772,23390,20616
19772,23390,20616,21611
23390,20616,21611,20454
20616,21611,20454,23610
21611,20454,23610,24369
20454,23610,24369,20132
23610,24369,20132,21504
24369,20132,21504,21592
20132,21504,21592,19185
21504,21592,19185,20743
21592,19185,20743,22366
19185,20743,22366,24816
20743,22366,24816,21309
22366,24816,21309,19844
24816,21309,19844,23669
21309,19844,23669,24857
19844,23669,24857,19545
23669,24857,19545,20619
24857,19545,20619,19076
19545,20619,19076,24191
20619,19076,24191,21493
19076,24191,21493,20209
24191,21493,20209,21837
21493,20209,21837,19419
20209,21837,19419,20872
21837,19419,20872,22364
19419,20872,22364,22024
20872,22364,22024,21320
22364,22024,21320,21153
22024,21320,21153,22285
21320,21153,22285,20656
21153,22285,20656,21500
22285,20656,21500,23808
20656,21500,23808,22478
21500,23808,22478,22116
23808,22478,22116,19696
22478,22116,19696,24654
22116,19696,24654,22807
19696,24654,22807,22445
24654,22807,22445,21510
22807,22445,21510,21342
22445,21510,21342,20764
21510,21342,20764,20645
21342,20764,20645,21453
20764,20645,21453,23712
20645,21453,23712,19949
21453,23712,19949,23437
23712,19949,23437,22812
19949,23437,22812,19544
23437,22812,19544,24694
22812,19544,24694,21843
19544,24694,21843,20700
24694,21843,20700,19698
21843,20700,19698,19324
20700,19698,19324,21150
19698,19324,21150,20630
19324,21150,20630,20156
21150,20630,20156,24421
20630,20156,24421,23741
20156,24421,23741,23001
24421,23741,23001,21984
23741,23001,21984,20573
23001,21984,20573,19244
21984,20573,19244,19065
20573,19244,19065,21795
19244,19065,21795,20526
19065,21795,20526,21568
21795,20526,21568,21893
20526,21568,21893,19833
21568,21893,19833,20403
21893,19833,20403,20744
19833,20403,20744,19426
20403,20744,19426,19072
20744,19426,19072,24244
19426,19072,24244,23253
19072,24244,23253,20996
24244,23253,20996,19485
23253,20996,19485,22151
20996,19485,22151,19354
19485,22151,19354,21651
22151,19354,21651,19959
19354,21651,19959,19754
21651,19959,19754,21188
19959,19754,21188,20946
19754,21188,20946,19688
21188,20946,19688,24247
20946,19688,24247,23341
19688,24247,23341,20859
24247,23341,20859,19223
23341,20859,19223,24190
20859,19223,24190,21690
19223,24190,21690,19850
24190,21690,19850,22334
21690,19850,22334,22797
19850,22334,22797,23197
22334,22797,23197,23622
22797,23197,23622,24041
23197,23622,24041,24969
23622,24041,24969,21543
24041,24969,21543,21525
24969,21543,21525,20838
21543,21525,20838,24352
21525,20838,24352,20908
20838,24352,20908,21977
24352,20908,21977,23162
20908,21977,23162,23092
21977,23162,23092,20430
23162,23092,20430,21338
23092,20430,21338,23293
20430,21338,23293,19451
21338,23293,19451,23805
23293,19451,23805,24625
19451,23805,24625,20223
23805,24625,20223,24447
24625,20223,24447,20487
20223,24447,20487,22385
24447,20487,22385,24546
20487,22385,24546,22418
22385,24546,22418,24127
24546,22418,24127,20062
22418,24127,20062,19603
24127,20062,19603,23550
20062,19603,23550,21235
19603,23550,21235,24624
23550,21235,24624,20456
21235,24624,20456,23553
24624,20456,23553,19625
20456,23553,19625,24311
23553,19625,24311,21769
19625,24311,21769,19429
24311,21769,19429,21568
21769,19429,21568,23260
19429,21568,23260,21267
21568,23260,21267,22917
23260,21267,22917,19107
21267,22917,19107,19672
22917,19107,19672,20131
19107,19672,20131,24977
19672,20131,24977,23780
20131,24977,23780,19658
24977,23780,19658,21821
23780,19658,21821,23240
19658,21821,23240,24679
21821,23240,24679,24219
23240,24679,24219,22143
24679,24219,22143,24091
24219,22143,24091,23199
22143,24091,23199,23097
24091,23199,23097,23425
23199,23097,23425,22311
23097,23425,22311,21431
23425,22311,21431,21578
22311,21431,21578,22833
21431,21578,22833,19439
21578,22833,19439,22920
22833,19439,22920,22837
19439,22920,22837,24977
22920,22837,24977,24610
22837,24977,24610,23728
24977,24610,23728,21055
24610,23728,21055,24901
23728,21055,24901,23575
21055,24901,23575,19910
24901,23575,19910,23233
23575,19910,23233,20984
19910,23233,20984,19581
23233,20984,19581,19146
20984,19581,19146,22563
19581,19146,22563,23056
19146,22563,23056,19183
22563,23056,19183,21755
23056,19183,21755,24027
19183,21755,24027,22662
21755,24027,22662,23608
24027,22662,23608,24889
22662,23608,24889,23697
23608,24889,23697,22272
24889,23697,22272,22310
23697,22272,22310,20260
22272,22310,20260,23489
22310,20260,23489,22119
20260,23489,22119,20296
23489,22119,20296,24283
22119,20296,24283,22036
20296,24283,22036,20988
24283,22036,20988,19139
22036,20988,19139,21058
20988,19139,21058,21619
19139,21058,21619,21353
21058,21619,21353,19582
21619,21353,19582,21481
21353,19582,21481,19047
19582,21481,19047,21638
21481,19047,21638,21364
19047,21638,21364,24300
21638,21364,24300,20082
21364,24300,20082,21469
24300,20082,21469,21316
20082,21469,21316,21301
21469,21316,21301,23106
21316,21301,23106,24471
21301,23106,24471,21617
23106,24471,21617,24729
24471,21617,24729,22224
21617,24729,22224,22712
24729,22224,22712,22596
22224,22712,22596,24956
22712,22596,24956,21730
22596,24956,21730,23401
24956,21730,23401,23123
21730,23401,23123,19998
23401,23123,19998,23069
23123,19998,23069,22841
19998,23069,22841,23785
23069,22841,23785,21041
22841,23785,21041,23023
23785,21041,23023,22635
21041,23023,22635,20193
23023,22635,20193,20371
22635,20193,20371,24724
20193,20371,24724,19747
20371,24724,19747,23030
24724,19747,23030,19211
19747,23030,19211,20655
23030,19211,20655,21742
19211,20655,21742,19635
20655,21742,19635,19305
21742,19635,19305,22536
19635,19305,22536,24296
19305,22536,24296,23429
22536,24296,23429,22473
24296,23429,22473,21444
23429,22473,21444,23085
22473,21444,23085,24632
21444,23085,24632,20754
23085,24632,20754,19222
24632,20754,19222,21571
20754,19222,21571,20415
19222,21571,20415,24670
21571,20415,24670,21935
20415,24670,21935,21431
24670,21935,21431,19770
21935,21431,19770,22793
21431,19770,22793,24036
19770,22793,24036,19825
22793,24036,19825,20263
24036,19825,20263,19297
19825,20263,19297,22748
20263,19297,22748,21316
19297,22748,21316,24506
22748,21316,24506,21455
21316,24506,21455,24144
24506,21455,24144,22808
21455,24144,22808,24344
24144,22808,24344,21403
22808,24344,21403,24113
24344,21403,24113,19287
21403,24113,19287,22489
24113,19287,22489,19539
19287,22489,19539,22116
22489,19539,22116,19274
19539,22116,19274,24707
22116,19274,24707,21073
19274,24707,21073,19599
24707,21073,19599,23190
21073,19599,23190,23606
19599,23190,23606,20990
23190,23606,20990,19456
23606,20990,19456,20890
20990,19456,20890,20602
19456,20890,20602,23745
20890,20602,23745,24252
20602,23745,24252,21341
23745,24252,21341,20008
24252,21341,20008,23501
21341,20008,23501,22742
20008,23501,22742,20245
23501,22742,20245,22153
22742,20245,22153,21850
20245,22153,21850,24019
22153,21850,24019,24298
21850,24019,24298,23256
24019,24298,23256,21521
24298,23256,21521,20000
23256,21521,20000,23568
21521,20000,23568,21795
20000,23568,21795,20140
23568,21795,20140,24294
21795,20140,24294,24571
20140,24294,24571,19568
24294,24571,19568,23408
24571,19568,23408,20236
19568,23408,20236,23875
23408,20236,23875,21757
20236,23875,21757,20935
23875,21757,20935,22850
21757,20935,22850,22017
20935,22850,22017,23981
22850,22017,23981,19362
22017,23981,19362,19859
23981,19362,19859,24738
19362,19859,24738,19382
19859,24738,19382,23362
24738,19382,23362,20994
19382,23362,20994,23595
23362,20994,23595,24122
20994,23595,24122,21160
23595,24122,21160,20495
24122,21160,20495,22920
21160,20495,22920,23650
20495,22920,23650,19011
22920,23650,19011,23156
23650,19011,23156,23588
19011,23156,23588,22209
23156,23588,22209,20975
23588,22209,20975,22427
22209,20975,22427,24472
20975,22427,24472,21639
22427,24472,21639,23449
24472,21639,23449,23517
21639,23449,23517,21016
23449,23517,21016,19248
23517,21016,19248,24583
21016,19248,24583,20489
19248,24583,20489,21460
24583,20489,21460,23833
20489,21460,23833,19308
21460,23833,19308,20599
23833,19308,20599,23462
19308,20599,23462,20228
20599,23462,20228,21075
23462,20228,21075,20245
20228,21075,20245,20041
21075,20245,20041,19220
20245,20041,19220,20847
20041,19220,20847,23374
19220,20847,23374,20375
20847,23374,20375,23462
23374,20375,23462,20258
20375,23462,20258,22865
23462,20258,22865,22607
20258,22865,22607,23420
22865,22607,23420,19956
22607,23420,19956,23909
23420,19956,23909,21908
19956,23909,21908,21299
23909,21908,21299,19515
21908,21299,19515,23673
21299,19515,23673,20219
19515,23673,20219,22069
23673,20219,22069,21360
20219,22069,21360,19091
22069,21360,19091,19137
21360,19091,19137,23830
19091,19137,23830,19480
19137,23830,19480,19109
23830,19480,19109,22232
19480,19109,22232,21401
19109,22232,21401,21363
22232,21401,21363,21917
21401,21363,21917,21195
21363,21917,21195,19549
21917,21195,19549,21957
21195,19549,21957,21056
19549,21957,21056,22111
21957,21056,22111,22425
21056,22111,22425,19917
22111,22425,19917,21847
22425,19917,21847,20270
19917,21847,20270,24575
21847,20270,24575,21479
20270,24575,21479,23340
24575,21479,23340,24039
21479,23340,24039,19293
23340,24039,19293,22796
24039,19293,22796,20111
19293,22796,20111,21533
22796,20111,21533,20506
20111,21533,20506,21145
21533,20506,21145,24794
20506,21145,24794,19557
21145,24794,19557,19057
24794,19557,19057,22243
19557,19057,22243,23140
19057,22243,23140,19335
22243,23140,19335,23554
23140,19335,23554,24604
19335,23554,24604,20910
23554,24604,20910,23443
24604,20910,23443,19409
20910,23443,19409,21059
23443,19409,21059,23473
19409,21059,23473,19060
21059,23473,19060,23136
23473,19060,23136,20575
19060,23136,20575,21210
23136,20575,21210,24642
20575,21210,24642,24480
21210,24642,24480,24258
24642,24480,24258,19227
24480,24258,19227,20943
24258,19227,20943,23194
19227,20943,23194,22847
20943,23194,22847,22055
23194,22847,22055,20970
22847,22055,20970,23439
22055,20970,23439,24137
20970,23439,24137,19905
23439,24137,19905,20646
24137,19905,20646,19682
19905,20646,19682,19224
20646,19682,19224,22885
19682,19224,22885,21284
19224,22885,21284,23194
22885,21284,23194,21113
21284,23194,21113,19371
23194,21113,19371,21637
21113,19371,21637,23666
19371,21637,23666,21420
21637,23666,21420,20676
23666,21420,20676,22152
21420,20676,22152,24556
20676,22152,24556,19834
22152,24556,19834,21944
24556,19834,21944,23415
19834,21944,23415,19966
21944,23415,19966,21796
23415,19966,21796,20365
19966,21796,20365,19256
21796,20365,19256,23051
20365,19256,23051,23155
19256,23051,23155,19283
23051,23155,19283,24447
23155,19283,24447,23290
19283,24447,23290,24823
24447,23290,24823,19812
23290,24823,19812,22743
24823,19812,22743,22275
19812,22743,22275,24005
22743,22275,24005,23257
22275,24005,23257,22623
24005,23257,22623,24171
23257,22623,24171,24245
22623,24171,24245,22185
24171,24245,22185,24922
24245,22185,24922,19013
22185,24922,19013,24768
24922,19013,24768,22794
19013,24768,22794,23787
24768,22794,23787,23381
22794,23787,23381,19361
23787,23381,19361,24888
23381,19361,24888,19159
19361,24888,19159,20216
24888,19159,20216,21336
19159,20216,21336,20815
20216,21336,20815,19853
21336,20815,19853,19187
20815,19853,19187,24881
19853,19187,24881,20596
19187,24881,20596,23194
24881,20596,23194,24659
20596,23194,24659,19180
23194,24659,19180,20574
24659,19180,20574,22600
19180,20574,22600,21928
20574,22600,21928,23067
22600,21928,23067,22678
21928,23067,22678,22266
23067,22678,22266,23775
22678,22266,23775,22703
22266,23775,22703,21976
23775,22703,21976,22477
22703,21976,22477,19769
21976,22477,19769,23614
22477,19769,23614,21033
19769,23614,21033,19002
23614,21033,19002,24107
