Start_Time,Transmission_Duration,Packets
2020-07-24 17:38:10.658045,0.359,19467
2020-07-24 17:38:11.017493,0.316,23150
2020-07-24 17:38:11.337716,0.292,24783
2020-07-24 17:38:11.630864,0.34600000000000003,20392
2020-07-24 17:38:11.977492,0.38,19399
2020-07-24 17:38:12.360392,0.36,24277
2020-07-24 17:38:12.725418,0.334,20766
2020-07-24 17:38:13.063216,0.34400000000000003,20713
2020-07-24 17:38:13.410676,0.318,24539
2020-07-24 17:38:13.729963,0.376,19597
2020-07-24 17:38:14.106243,0.34800000000000003,20403
2020-07-24 17:38:14.459585,0.385,22417
2020-07-24 17:38:14.849841,0.323,22690
2020-07-24 17:38:15.173587,0.277,22512
2020-07-24 17:38:15.455940,0.302,20285
2020-07-24 17:38:15.761770,0.318,19410
2020-07-24 17:38:16.080732,0.362,24779
2020-07-24 17:38:16.447992,0.35100000000000003,24270
2020-07-24 17:38:16.804253,0.28400000000000003,22716
2020-07-24 17:38:17.092845,0.298,22219
2020-07-24 17:38:17.396102,0.399,23343
2020-07-24 17:38:17.800361,0.343,24854
2020-07-24 17:38:18.143752,0.335,24253
2020-07-24 17:38:18.484009,0.342,19655
2020-07-24 17:38:18.831010,0.271,23003
2020-07-24 17:38:19.102837,0.391,19967
2020-07-24 17:38:19.499077,0.319,24941
2020-07-24 17:38:19.818351,0.332,23896
2020-07-24 17:38:20.154492,0.394,24383
2020-07-24 17:38:20.553763,0.28,24016
2020-07-24 17:38:20.834094,0.291,23454
2020-07-24 17:38:21.130387,0.303,23968
2020-07-24 17:38:21.438077,0.34700000000000003,19149
2020-07-24 17:38:21.790342,0.354,24310
2020-07-24 17:38:22.149601,0.385,19409
2020-07-24 17:38:22.539858,0.338,24667
2020-07-24 17:38:22.881831,0.275,20666
2020-07-24 17:38:23.159146,0.371,24091
2020-07-24 17:38:23.531848,0.386,20745
2020-07-24 17:38:23.918928,0.28200000000000003,22694
2020-07-24 17:38:24.206288,0.269,23078
2020-07-24 17:38:24.480461,0.335,23627
2020-07-24 17:38:24.819537,0.257,22335
2020-07-24 17:38:25.081810,0.272,20656
2020-07-24 17:38:25.359099,0.274,20126
2020-07-24 17:38:25.638362,0.38,23447
2020-07-24 17:38:26.018653,0.359,19224
2020-07-24 17:38:26.382912,0.273,24204
2020-07-24 17:38:26.661029,0.35100000000000003,23779
2020-07-24 17:38:27.017323,0.338,20105
2020-07-24 17:38:27.355589,0.289,23787
2020-07-24 17:38:27.648480,0.278,19287
2020-07-24 17:38:27.931796,0.376,23305
2020-07-24 17:38:28.312890,0.267,20828
2020-07-24 17:38:28.585141,0.278,20911
2020-07-24 17:38:28.868427,0.332,21645
2020-07-24 17:38:29.203097,0.34600000000000003,21300
2020-07-24 17:38:29.554364,0.263,19444
2020-07-24 17:38:29.822194,0.298,21439
2020-07-24 17:38:30.125523,0.33,19434
2020-07-24 17:38:30.460774,0.336,22882
2020-07-24 17:38:30.802026,0.309,20881
2020-07-24 17:38:31.116276,0.292,19050
2020-07-24 17:38:31.412731,0.257,23706
2020-07-24 17:38:31.674984,0.337,23573
2020-07-24 17:38:32.014574,0.271,21908
2020-07-24 17:38:32.290190,0.39,19336
2020-07-24 17:38:32.682949,0.295,24336
2020-07-24 17:38:32.983205,0.315,21557
2020-07-24 17:38:33.300060,0.335,19649
2020-07-24 17:38:33.640358,0.39,24857
2020-07-24 17:38:34.032940,0.352,20579
2020-07-24 17:38:34.386317,0.36,24252
2020-07-24 17:38:34.750930,0.356,23550
2020-07-24 17:38:35.112253,0.327,24675
2020-07-24 17:38:35.444528,0.257,22454
2020-07-24 17:38:35.704586,0.34600000000000003,23371
2020-07-24 17:38:36.055850,0.306,21525
2020-07-24 17:38:36.366710,0.339,20069
2020-07-24 17:38:36.708261,0.362,23147
2020-07-24 17:38:37.070446,0.32,23791
2020-07-24 17:38:37.395699,0.28700000000000003,19976
2020-07-24 17:38:37.687950,0.34500000000000003,23876
2020-07-24 17:38:38.037067,0.34,19395
2020-07-24 17:38:38.379457,0.321,24451
2020-07-24 17:38:38.705709,0.34600000000000003,22143
2020-07-24 17:38:39.054475,0.398,20874
2020-07-24 17:38:39.457747,0.265,23334
2020-07-24 17:38:39.728009,0.339,20753
2020-07-24 17:38:40.068734,0.252,22016
2020-07-24 17:38:40.326008,0.268,20522
2020-07-24 17:38:40.599283,0.36,23415
2020-07-24 17:38:40.964571,0.379,20054
2020-07-24 17:38:41.346046,0.375,20748
2020-07-24 17:38:41.726038,0.261,21968
2020-07-24 17:38:41.987706,0.361,20473
2020-07-24 17:38:42.354011,0.371,23096
2020-07-24 17:38:42.726795,0.389,24338
2020-07-24 17:38:43.121074,0.392,21147
2020-07-24 17:38:43.517153,0.259,23206
2020-07-24 17:38:43.780157,0.35100000000000003,20701
2020-07-24 17:38:44.134733,0.302,20601
2020-07-24 17:38:44.442017,0.267,19627
2020-07-24 17:38:44.712698,0.356,19473
2020-07-24 17:38:45.073974,0.279,23669
2020-07-24 17:38:45.358229,0.255,21555
2020-07-24 17:38:45.618486,0.306,21191
2020-07-24 17:38:45.929777,0.337,19043
2020-07-24 17:38:46.269799,0.267,23143
2020-07-24 17:38:46.542053,0.327,22957
2020-07-24 17:38:46.873710,0.34600000000000003,23060
2020-07-24 17:38:47.222316,0.341,24595
2020-07-24 17:38:47.568274,0.302,23456
2020-07-24 17:38:47.874222,0.254,22577
2020-07-24 17:38:48.128976,0.375,19451
2020-07-24 17:38:48.509240,0.291,22285
2020-07-24 17:38:48.805499,0.323,21117
2020-07-24 17:38:49.132245,0.36,24407
2020-07-24 17:38:49.497534,0.276,19369
2020-07-24 17:38:49.778857,0.251,21171
2020-07-24 17:38:50.033614,0.254,22681
2020-07-24 17:38:50.288166,0.301,21135
2020-07-24 17:38:50.589383,0.342,20456
2020-07-24 17:38:50.933935,0.251,22902
2020-07-24 17:38:51.190196,0.315,21824
2020-07-24 17:38:51.506221,0.392,23542
2020-07-24 17:38:51.900580,0.338,24640
2020-07-24 17:38:52.240137,0.399,21225
2020-07-24 17:38:52.641673,0.386,22115
2020-07-24 17:38:53.032996,0.272,22735
2020-07-24 17:38:53.305979,0.398,22216
2020-07-24 17:38:53.708555,0.3,23723
2020-07-24 17:38:54.012908,0.371,23627
2020-07-24 17:38:54.384340,0.306,21260
2020-07-24 17:38:54.691185,0.281,24286
2020-07-24 17:38:54.973384,0.39,24088
2020-07-24 17:38:55.363649,0.257,24850
2020-07-24 17:38:55.623236,0.301,20076
2020-07-24 17:38:55.925576,0.34900000000000003,24668
2020-07-24 17:38:56.279833,0.376,22806
2020-07-24 17:38:56.656485,0.393,22941
2020-07-24 17:38:57.049790,0.34800000000000003,22826
2020-07-24 17:38:57.400655,0.252,20169
2020-07-24 17:38:57.653123,0.325,23673
2020-07-24 17:38:57.980201,0.318,21312
2020-07-24 17:38:58.301239,0.29,19433
2020-07-24 17:38:58.591480,0.318,20620
2020-07-24 17:38:58.910973,0.303,23945
2020-07-24 17:38:59.214269,0.305,22086
2020-07-24 17:38:59.522974,0.355,23718
2020-07-24 17:38:59.882058,0.396,23923
2020-07-24 17:39:00.281357,0.28600000000000003,22042
2020-07-24 17:39:00.568667,0.336,24421
2020-07-24 17:39:00.907461,0.304,24979
2020-07-24 17:39:01.211748,0.378,21607
2020-07-24 17:39:01.590160,0.36,21850
2020-07-24 17:39:01.950841,0.321,24270
2020-07-24 17:39:02.273237,0.304,19110
2020-07-24 17:39:02.581946,0.296,23162
2020-07-24 17:39:02.881260,0.34400000000000003,22943
2020-07-24 17:39:03.229393,0.31,20102
2020-07-24 17:39:03.542714,0.35100000000000003,19881
2020-07-24 17:39:03.894035,0.265,21439
2020-07-24 17:39:04.163449,0.312,20138
2020-07-24 17:39:04.477272,0.367,22013
2020-07-24 17:39:04.847992,0.334,19375
2020-07-24 17:39:05.183529,0.273,22106
2020-07-24 17:39:05.456940,0.28700000000000003,24889
2020-07-24 17:39:05.746614,0.274,20784
2020-07-24 17:39:06.020853,0.389,23629
2020-07-24 17:39:06.413584,0.263,24536
2020-07-24 17:39:06.679845,0.26,22414
2020-07-24 17:39:06.943120,0.383,23362
2020-07-24 17:39:07.327484,0.311,21243
2020-07-24 17:39:07.639264,0.342,22041
2020-07-24 17:39:07.981833,0.368,24033
2020-07-24 17:39:08.352665,0.331,19528
2020-07-24 17:39:08.684157,0.328,21979
2020-07-24 17:39:09.017314,0.266,22975
2020-07-24 17:39:09.286593,0.331,22236
2020-07-24 17:39:09.618199,0.337,23668
2020-07-24 17:39:09.956295,0.325,23468
2020-07-24 17:39:10.285532,0.28400000000000003,21303
2020-07-24 17:39:10.574790,0.357,19055
2020-07-24 17:39:10.932619,0.256,21593
2020-07-24 17:39:11.190975,0.311,20596
2020-07-24 17:39:11.502972,0.337,22621
2020-07-24 17:39:11.845203,0.375,21917
2020-07-24 17:39:12.223198,0.375,21057
2020-07-24 17:39:12.601844,0.34900000000000003,23378
2020-07-24 17:39:12.955387,0.322,22777
2020-07-24 17:39:13.278594,0.28800000000000003,23769
2020-07-24 17:39:13.569542,0.261,21031
2020-07-24 17:39:13.831405,0.317,22767
2020-07-24 17:39:14.148886,0.39,21390
2020-07-24 17:39:14.540855,0.309,20585
2020-07-24 17:39:14.850769,0.271,19152
2020-07-24 17:39:15.125361,0.371,21838
2020-07-24 17:39:15.501401,0.34,21506
2020-07-24 17:39:15.841715,0.28700000000000003,19056
2020-07-24 17:39:16.129694,0.391,19939
2020-07-24 17:39:16.523053,0.316,20248
2020-07-24 17:39:16.844284,0.299,24513
2020-07-24 17:39:17.148018,0.308,19356
2020-07-24 17:39:17.456786,0.294,24732
2020-07-24 17:39:17.755998,0.364,24614
2020-07-24 17:39:18.125212,0.388,23501
2020-07-24 17:39:18.518432,0.388,21258
2020-07-24 17:39:18.911670,0.358,19818
2020-07-24 17:39:19.272147,0.326,19715
2020-07-24 17:39:19.603381,0.299,21760
2020-07-24 17:39:19.902540,0.373,23650
2020-07-24 17:39:20.280781,0.319,21289
2020-07-24 17:39:20.604991,0.327,21902
2020-07-24 17:39:20.934958,0.328,22985
2020-07-24 17:39:21.268181,0.35000000000000003,21208
2020-07-24 17:39:21.622046,0.309,21759
2020-07-24 17:39:21.931694,0.354,22682
2020-07-24 17:39:22.290908,0.29,22191
2020-07-24 17:39:22.581703,0.374,22641
2020-07-24 17:39:22.959265,0.316,21949
2020-07-24 17:39:23.278904,0.34900000000000003,24785
2020-07-24 17:39:23.632251,0.274,23635
2020-07-24 17:39:23.911462,0.36,19675
2020-07-24 17:39:24.275591,0.277,21917
2020-07-24 17:39:24.553480,0.302,19946
2020-07-24 17:39:24.857657,0.354,23992
2020-07-24 17:39:25.213080,0.28500000000000003,24266
2020-07-24 17:39:25.502037,0.384,23296
2020-07-24 17:39:25.891265,0.3,20603
2020-07-24 17:39:26.196475,0.28800000000000003,23578
2020-07-24 17:39:26.484910,0.36,19453
2020-07-24 17:39:26.848929,0.266,24341
2020-07-24 17:39:27.119108,0.368,20012
2020-07-24 17:39:27.492048,0.302,24969
2020-07-24 17:39:27.799347,0.392,19552
2020-07-24 17:39:28.193699,0.278,22555
2020-07-24 17:39:28.472292,0.269,22052
2020-07-24 17:39:28.742566,0.336,21941
2020-07-24 17:39:29.083827,0.263,21851
2020-07-24 17:39:29.348219,0.27,19320
2020-07-24 17:39:29.618938,0.318,24586
2020-07-24 17:39:29.938741,0.39,19474
2020-07-24 17:39:30.329871,0.272,19015
2020-07-24 17:39:30.605445,0.264,23461
2020-07-24 17:39:30.872944,0.363,23633
2020-07-24 17:39:31.236141,0.338,19956
2020-07-24 17:39:31.579382,0.259,20661
2020-07-24 17:39:31.843590,0.337,22805
2020-07-24 17:39:32.185798,0.279,21998
2020-07-24 17:39:32.466257,0.255,20992
2020-07-24 17:39:32.725121,0.389,22445
2020-07-24 17:39:33.116577,0.337,23079
2020-07-24 17:39:33.454894,0.317,22259
2020-07-24 17:39:33.776033,0.251,19244
2020-07-24 17:39:34.032291,0.306,21686
2020-07-24 17:39:34.338576,0.391,20811
2020-07-24 17:39:34.732234,0.271,24810
2020-07-24 17:39:35.006489,0.262,22031
2020-07-24 17:39:35.273771,0.298,23043
2020-07-24 17:39:35.574927,0.341,24013
2020-07-24 17:39:35.921190,0.292,22531
2020-07-24 17:39:36.216090,0.28300000000000003,22207
2020-07-24 17:39:36.499721,0.399,23863
2020-07-24 17:39:36.899355,0.306,22549
2020-07-24 17:39:37.210476,0.383,20125
2020-07-24 17:39:37.598040,0.375,19362
2020-07-24 17:39:37.974827,0.386,22025
2020-07-24 17:39:38.364747,0.34,22352
2020-07-24 17:39:38.709453,0.323,20593
2020-07-24 17:39:39.036726,0.279,24951
2020-07-24 17:39:39.316140,0.387,22600
2020-07-24 17:39:39.705223,0.37,24386
2020-07-24 17:39:40.076773,0.372,20552
2020-07-24 17:39:40.449526,0.321,19244
2020-07-24 17:39:40.771051,0.325,22878
2020-07-24 17:39:41.099061,0.386,21664
2020-07-24 17:39:41.486031,0.281,19887
2020-07-24 17:39:41.767279,0.336,19351
2020-07-24 17:39:42.105509,0.357,19795
2020-07-24 17:39:42.465794,0.383,21698
2020-07-24 17:39:42.849631,0.273,23462
2020-07-24 17:39:43.125077,0.28700000000000003,20683
2020-07-24 17:39:43.412644,0.28800000000000003,20308
2020-07-24 17:39:43.704977,0.315,21387
2020-07-24 17:39:44.020933,0.352,21036
2020-07-24 17:39:44.377344,0.3,21454
2020-07-24 17:39:44.679915,0.263,24750
2020-07-24 17:39:44.945850,0.37,21931
2020-07-24 17:39:45.317544,0.394,21747
2020-07-24 17:39:45.716483,0.331,20196
2020-07-24 17:39:46.051079,0.321,20809
2020-07-24 17:39:46.374630,0.254,19232
2020-07-24 17:39:46.631346,0.273,20755
2020-07-24 17:39:46.909625,0.296,20885
2020-07-24 17:39:47.210876,0.311,24880
2020-07-24 17:39:47.527156,0.29,22612
2020-07-24 17:39:47.818500,0.36,19905
2020-07-24 17:39:48.183771,0.251,24202
2020-07-24 17:39:48.437021,0.34700000000000003,21786
2020-07-24 17:39:48.789285,0.257,21465
2020-07-24 17:39:49.046755,0.355,21767
2020-07-24 17:39:49.407014,0.354,24419
2020-07-24 17:39:49.766268,0.266,19512
2020-07-24 17:39:50.037551,0.393,21830
2020-07-24 17:39:50.434411,0.399,23768
2020-07-24 17:39:50.838718,0.371,24313
2020-07-24 17:39:51.214984,0.366,22214
2020-07-24 17:39:51.584033,0.267,23005
2020-07-24 17:39:51.856370,0.379,22718
2020-07-24 17:39:52.240005,0.369,20682
2020-07-24 17:39:52.613076,0.3,24650
2020-07-24 17:39:52.917250,0.28500000000000003,22814
2020-07-24 17:39:53.207509,0.388,20024
2020-07-24 17:39:53.600771,0.31,20820
2020-07-24 17:39:53.915940,0.374,22858
2020-07-24 17:39:54.293707,0.258,24210
2020-07-24 17:39:54.556989,0.354,19824
2020-07-24 17:39:54.915276,0.356,20779
2020-07-24 17:39:55.272412,0.306,22002
2020-07-24 17:39:55.583702,0.336,21787
2020-07-24 17:39:55.924798,0.277,24215
2020-07-24 17:39:56.204868,0.393,23674
2020-07-24 17:39:56.603149,0.306,21081
2020-07-24 17:39:56.912250,0.298,23721
2020-07-24 17:39:57.215095,0.265,23827
2020-07-24 17:39:57.484414,0.358,21007
2020-07-24 17:39:57.847709,0.317,20411
2020-07-24 17:39:58.167810,0.298,21762
2020-07-24 17:39:58.466181,0.253,23791
2020-07-24 17:39:58.721848,0.295,22037
2020-07-24 17:39:59.022102,0.381,20805
2020-07-24 17:39:59.406935,0.272,22522
2020-07-24 17:39:59.682600,0.25,23292
2020-07-24 17:39:59.937906,0.327,21958
2020-07-24 17:40:00.265110,0.313,20821
2020-07-24 17:40:00.578518,0.261,23604
2020-07-24 17:40:00.844779,0.315,21538
2020-07-24 17:40:01.165043,0.34800000000000003,20179
2020-07-24 17:40:01.517552,0.254,19083
2020-07-24 17:40:01.773059,0.371,20126
2020-07-24 17:40:02.146118,0.353,21265
2020-07-24 17:40:02.504383,0.375,22249
2020-07-24 17:40:02.879737,0.279,20276
2020-07-24 17:40:03.164043,0.364,23010
2020-07-24 17:40:03.533309,0.386,23812
2020-07-24 17:40:03.924604,0.398,24746
2020-07-24 17:40:04.325146,0.361,24374
2020-07-24 17:40:04.691257,0.262,21330
2020-07-24 17:40:04.953956,0.327,24139
2020-07-24 17:40:05.286278,0.309,19197
2020-07-24 17:40:05.595888,0.382,20344
2020-07-24 17:40:05.981723,0.376,22343
2020-07-24 17:40:06.358338,0.308,22159
2020-07-24 17:40:06.667861,0.381,19598
2020-07-24 17:40:07.054197,0.371,22408
2020-07-24 17:40:07.426202,0.394,20587
2020-07-24 17:40:07.825459,0.372,22783
2020-07-24 17:40:08.202713,0.294,19518
2020-07-24 17:40:08.501999,0.322,20745
2020-07-24 17:40:08.829282,0.386,20593
2020-07-24 17:40:09.220542,0.28600000000000003,19552
2020-07-24 17:40:09.511800,0.266,21391
2020-07-24 17:40:09.781450,0.393,19185
2020-07-24 17:40:10.176638,0.28700000000000003,20617
2020-07-24 17:40:10.468955,0.266,21104
2020-07-24 17:40:10.736441,0.276,22355
2020-07-24 17:40:11.015951,0.34,22019
2020-07-24 17:40:11.358191,0.294,21225
2020-07-24 17:40:11.656608,0.297,24121
2020-07-24 17:40:11.954797,0.291,20678
2020-07-24 17:40:12.246738,0.389,19056
2020-07-24 17:40:12.639411,0.34800000000000003,22470
2020-07-24 17:40:12.992698,0.352,22046
2020-07-24 17:40:13.347251,0.276,21060
2020-07-24 17:40:13.628507,0.396,22611
2020-07-24 17:40:14.029784,0.299,21132
2020-07-24 17:40:14.334071,0.256,23571
2020-07-24 17:40:14.595328,0.393,24046
2020-07-24 17:40:14.993580,0.385,21054
2020-07-24 17:40:15.383842,0.323,20253
2020-07-24 17:40:15.710630,0.306,19964
2020-07-24 17:40:16.018072,0.379,19953
2020-07-24 17:40:16.399787,0.363,23793
2020-07-24 17:40:16.768212,0.341,19858
2020-07-24 17:40:17.112183,0.331,21198
2020-07-24 17:40:17.448461,0.394,21652
2020-07-24 17:40:17.847718,0.386,24898
2020-07-24 17:40:18.233957,0.291,20394
2020-07-24 17:40:18.530221,0.274,22379
2020-07-24 17:40:18.806230,0.398,23108
2020-07-24 17:40:19.209490,0.261,23522
2020-07-24 17:40:19.471282,0.329,20904
2020-07-24 17:40:19.805540,0.308,21573
2020-07-24 17:40:20.115052,0.259,23383
2020-07-24 17:40:20.376341,0.289,21596
2020-07-24 17:40:20.666190,0.363,19940
2020-07-24 17:40:21.033773,0.353,19646
2020-07-24 17:40:21.392039,0.381,20551
2020-07-24 17:40:21.776588,0.264,20973
2020-07-24 17:40:22.044497,0.327,24967
2020-07-24 17:40:22.376778,0.293,19905
2020-07-24 17:40:22.672643,0.307,23826
2020-07-24 17:40:22.984906,0.328,21006
2020-07-24 17:40:23.313220,0.292,24403
2020-07-24 17:40:23.610531,0.314,21776
2020-07-24 17:40:23.929805,0.383,19721
2020-07-24 17:40:24.316269,0.396,20978
2020-07-24 17:40:24.717544,0.259,21270
2020-07-24 17:40:24.977662,0.386,23781
2020-07-24 17:40:25.368940,0.376,21682
2020-07-24 17:40:25.748493,0.386,22540
2020-07-24 17:40:26.139765,0.298,20505
2020-07-24 17:40:26.439056,0.384,21414
2020-07-24 17:40:26.824649,0.254,22219
2020-07-24 17:40:27.081273,0.34,24754
2020-07-24 17:40:27.426623,0.261,21757
2020-07-24 17:40:27.692884,0.371,19453
2020-07-24 17:40:28.069149,0.352,19753
2020-07-24 17:40:28.426428,0.279,24551
2020-07-24 17:40:28.705666,0.398,22077
2020-07-24 17:40:29.108938,0.324,21422
2020-07-24 17:40:29.433544,0.293,22853
2020-07-24 17:40:29.731821,0.319,20467
2020-07-24 17:40:30.053495,0.342,19988
2020-07-24 17:40:30.400710,0.35000000000000003,23287
2020-07-24 17:40:30.755191,0.294,22990
2020-07-24 17:40:31.054443,0.258,24979
2020-07-24 17:40:31.317697,0.314,24577
2020-07-24 17:40:31.633159,0.352,22001
2020-07-24 17:40:31.989200,0.363,20186
2020-07-24 17:40:32.357464,0.341,21282
2020-07-24 17:40:32.703717,0.251,19772
2020-07-24 17:40:32.957896,0.363,23390
2020-07-24 17:40:33.326170,0.353,20616
2020-07-24 17:40:33.684431,0.383,21611
2020-07-24 17:40:34.072698,0.256,20454
2020-07-24 17:40:34.332124,0.34,23610
2020-07-24 17:40:34.672681,0.362,24369
2020-07-24 17:40:35.039933,0.254,20132
2020-07-24 17:40:35.297975,0.339,21504
2020-07-24 17:40:35.638693,0.301,21592
2020-07-24 17:40:35.943027,0.35000000000000003,19185
2020-07-24 17:40:36.298280,0.378,20743
2020-07-24 17:40:36.681543,0.308,22366
2020-07-24 17:40:36.994804,0.386,24816
2020-07-24 17:40:37.381096,0.305,21309
2020-07-24 17:40:37.691363,0.326,19844
2020-07-24 17:40:38.018035,0.326,23669
2020-07-24 17:40:38.349292,0.304,24857
2020-07-24 17:40:38.658554,0.275,19545
2020-07-24 17:40:38.938809,0.361,20619
2020-07-24 17:40:39.302040,0.321,19076
2020-07-24 17:40:39.625035,0.357,24191
2020-07-24 17:40:39.982852,0.258,21493
2020-07-24 17:40:40.246103,0.279,20209
2020-07-24 17:40:40.530372,0.385,21837
2020-07-24 17:40:40.920728,0.341,19419
2020-07-24 17:40:41.266997,0.383,20872
2020-07-24 17:40:41.653693,0.394,22364
2020-07-24 17:40:42.052974,0.352,22024
2020-07-24 17:40:42.406864,0.276,21320
2020-07-24 17:40:42.685520,0.336,21153
2020-07-24 17:40:43.026820,0.362,22285
2020-07-24 17:40:43.393681,0.327,20656
2020-07-24 17:40:43.725953,0.325,21500
2020-07-24 17:40:44.054837,0.293,23808
2020-07-24 17:40:44.353095,0.337,22478
2020-07-24 17:40:44.695360,0.256,22116
2020-07-24 17:40:44.956647,0.304,19696
2020-07-24 17:40:45.265913,0.391,24654
2020-07-24 17:40:45.661870,0.383,22807
2020-07-24 17:40:46.050127,0.276,22445
2020-07-24 17:40:46.328654,0.35000000000000003,21510
2020-07-24 17:40:46.681464,0.28800000000000003,21342
2020-07-24 17:40:46.973182,0.388,20764
2020-07-24 17:40:47.361438,0.265,20645
2020-07-24 17:40:47.630370,0.34,21453
2020-07-24 17:40:47.975664,0.28700000000000003,23712
2020-07-24 17:40:48.267926,0.267,19949
2020-07-24 17:40:48.537212,0.303,23437
2020-07-24 17:40:48.845509,0.341,22812
2020-07-24 17:40:49.187386,0.294,19544
2020-07-24 17:40:49.486680,0.316,24694
2020-07-24 17:40:49.806479,0.308,21843
2020-07-24 17:40:50.116152,0.376,20700
2020-07-24 17:40:50.492975,0.386,19698
2020-07-24 17:40:50.880739,0.355,19324
2020-07-24 17:40:51.239092,0.389,21150
2020-07-24 17:40:51.632201,0.353,20630
2020-07-24 17:40:51.987831,0.276,20156
2020-07-24 17:40:52.269105,0.314,24421
2020-07-24 17:40:52.588357,0.377,23741
2020-07-24 17:40:52.969320,0.255,23001
2020-07-24 17:40:53.229571,0.252,21984
2020-07-24 17:40:53.486371,0.294,20573
2020-07-24 17:40:53.785650,0.255,19244
2020-07-24 17:40:54.042660,0.31,19065
2020-07-24 17:40:54.357939,0.28800000000000003,21795
2020-07-24 17:40:54.649678,0.28500000000000003,20526
2020-07-24 17:40:54.935890,0.307,21568
2020-07-24 17:40:55.248205,0.341,21893
2020-07-24 17:40:55.594476,0.375,19833
2020-07-24 17:40:55.971977,0.356,20403
2020-07-24 17:40:56.329163,0.293,20744
2020-07-24 17:40:56.626798,0.281,19426
2020-07-24 17:40:56.913054,0.291,19072
2020-07-24 17:40:57.204920,0.308,24244
2020-07-24 17:40:57.518215,0.289,23253
2020-07-24 17:40:57.812492,0.294,20996
2020-07-24 17:40:58.111754,0.341,19485
2020-07-24 17:40:58.456751,0.312,22151
2020-07-24 17:40:58.774040,0.252,19354
2020-07-24 17:40:59.029474,0.354,21651
2020-07-24 17:40:59.387309,0.296,19959
2020-07-24 17:40:59.683616,0.327,19754
2020-07-24 17:41:00.011808,0.373,21188
2020-07-24 17:41:00.386070,0.309,20946
2020-07-24 17:41:00.700328,0.355,19688
2020-07-24 17:41:01.060582,0.258,24247
2020-07-24 17:41:01.320699,0.372,23341
2020-07-24 17:41:01.693591,0.268,20859
2020-07-24 17:41:01.961938,0.28300000000000003,19223
2020-07-24 17:41:02.247798,0.352,24190
2020-07-24 17:41:02.603624,0.364,21690
2020-07-24 17:41:02.972911,0.363,19850
2020-07-24 17:41:03.340189,0.306,22334
2020-07-24 17:41:03.651477,0.314,22797
2020-07-24 17:41:03.966855,0.353,23197
2020-07-24 17:41:04.323665,0.326,23622
2020-07-24 17:41:04.654940,0.376,24041
2020-07-24 17:41:05.033897,0.304,24969
2020-07-24 17:41:05.342304,0.293,21543
2020-07-24 17:41:05.640567,0.376,21525
2020-07-24 17:41:06.019941,0.323,20838
2020-07-24 17:41:06.347492,0.367,24352
2020-07-24 17:41:06.718502,0.38,20908
2020-07-24 17:41:07.103549,0.271,21977
2020-07-24 17:41:07.379824,0.275,23162
2020-07-24 17:41:07.660150,0.335,23092
2020-07-24 17:41:08.000411,0.399,20430
2020-07-24 17:41:08.403878,0.268,21338
2020-07-24 17:41:08.677142,0.318,23293
2020-07-24 17:41:09.000492,0.279,19451
2020-07-24 17:41:09.284740,0.395,23805
2020-07-24 17:41:09.685031,0.28400000000000003,24625
2020-07-24 17:41:09.974386,0.319,20223
2020-07-24 17:41:10.297437,0.359,24447
2020-07-24 17:41:10.660586,0.38,20487
2020-07-24 17:41:11.045859,0.28300000000000003,22385
2020-07-24 17:41:11.330086,0.255,24546
2020-07-24 17:41:11.586671,0.369,22418
2020-07-24 17:41:11.960963,0.391,24127
2020-07-24 17:41:12.355624,0.354,20062
2020-07-24 17:41:12.714706,0.34,19603
2020-07-24 17:41:13.058168,0.28200000000000003,23550
2020-07-24 17:41:13.345476,0.298,21235
2020-07-24 17:41:13.648756,0.36,24624
2020-07-24 17:41:14.014099,0.28400000000000003,20456
2020-07-24 17:41:14.301651,0.355,23553
2020-07-24 17:41:14.659627,0.386,19625
2020-07-24 17:41:15.050899,0.28,24311
2020-07-24 17:41:15.334811,0.259,21769
2020-07-24 17:41:15.599062,0.378,19429
2020-07-24 17:41:15.982232,0.377,21568
2020-07-24 17:41:16.364499,0.337,23260
2020-07-24 17:41:16.706777,0.26,21267
2020-07-24 17:41:16.972044,0.378,22917
2020-07-24 17:41:17.355314,0.375,19107
2020-07-24 17:41:17.733277,0.328,19672
2020-07-24 17:41:18.065484,0.289,20131
2020-07-24 17:41:18.358749,0.397,24977
2020-07-24 17:41:18.761019,0.34800000000000003,23780
2020-07-24 17:41:19.110198,0.293,19658
2020-07-24 17:41:19.408488,0.264,21821
2020-07-24 17:41:19.677765,0.306,23240
2020-07-24 17:41:19.987274,0.34400000000000003,24679
2020-07-24 17:41:20.336548,0.384,24219
2020-07-24 17:41:20.725864,0.268,22143
2020-07-24 17:41:20.999130,0.332,24091
2020-07-24 17:41:21.336397,0.308,23199
2020-07-24 17:41:21.649107,0.278,23097
2020-07-24 17:41:21.932377,0.379,23425
2020-07-24 17:41:22.316653,0.28300000000000003,22311
2020-07-24 17:41:22.604907,0.392,21431
2020-07-24 17:41:22.997157,0.295,21578
2020-07-24 17:41:23.297527,0.359,22833
2020-07-24 17:41:23.661798,0.28800000000000003,19439
2020-07-24 17:41:23.950002,0.332,22920
2020-07-24 17:41:24.287279,0.259,22837
2020-07-24 17:41:24.551531,0.28400000000000003,24977
2020-07-24 17:41:24.840785,0.369,24610
2020-07-24 17:41:25.215044,0.331,23728
2020-07-24 17:41:25.548838,0.387,21055
2020-07-24 17:41:25.937656,0.328,24901
2020-07-24 17:41:26.270967,0.35000000000000003,23575
2020-07-24 17:41:26.626255,0.26,19910
2020-07-24 17:41:26.889249,0.335,23233
2020-07-24 17:41:27.226689,0.358,20984
2020-07-24 17:41:27.585562,0.334,19581
2020-07-24 17:41:27.924844,0.279,19146
2020-07-24 17:41:28.209128,0.338,22563
2020-07-24 17:41:28.551924,0.343,23056
2020-07-24 17:41:28.896834,0.339,19183
2020-07-24 17:41:29.236053,0.339,21755
2020-07-24 17:41:29.579065,0.273,24027
2020-07-24 17:41:29.856575,0.34500000000000003,22662
2020-07-24 17:41:30.206892,0.309,23608
2020-07-24 17:41:30.520067,0.358,24889
2020-07-24 17:41:30.883252,0.37,23697
2020-07-24 17:41:31.254652,0.257,22272
2020-07-24 17:41:31.516909,0.379,22310
2020-07-24 17:41:31.896709,0.281,20260
2020-07-24 17:41:32.181908,0.28200000000000003,23489
2020-07-24 17:41:32.468376,0.28800000000000003,22119
2020-07-24 17:41:32.758270,0.28500000000000003,20296
2020-07-24 17:41:33.048538,0.259,24283
2020-07-24 17:41:33.310164,0.394,22036
2020-07-24 17:41:33.709462,0.369,20988
2020-07-24 17:41:34.083728,0.28,19139
2020-07-24 17:41:34.368982,0.381,21058
2020-07-24 17:41:34.755268,0.319,21619
2020-07-24 17:41:35.076222,0.394,21353
2020-07-24 17:41:35.475493,0.264,19582
2020-07-24 17:41:35.744795,0.307,21481
2020-07-24 17:41:36.055389,0.278,19047
2020-07-24 17:41:36.338681,0.277,21638
2020-07-24 17:41:36.620938,0.397,21364
2020-07-24 17:41:37.021861,0.39,24300
2020-07-24 17:41:37.417200,0.251,20082
2020-07-24 17:41:37.672054,0.295,21469
2020-07-24 17:41:37.972369,0.35000000000000003,21316
2020-07-24 17:41:38.322772,0.359,21301
2020-07-24 17:41:38.683605,0.28700000000000003,23106
2020-07-24 17:41:38.972390,0.328,24471
2020-07-24 17:41:39.305697,0.34500000000000003,21617
2020-07-24 17:41:39.655949,0.301,24729
2020-07-24 17:41:39.962219,0.396,22224
2020-07-24 17:41:40.362433,0.278,22712
2020-07-24 17:41:40.644282,0.262,22596
2020-07-24 17:41:40.911587,0.281,24956
2020-07-24 17:41:41.193198,0.28300000000000003,21730
2020-07-24 17:41:41.480218,0.295,23401
2020-07-24 17:41:41.779226,0.305,23123
2020-07-24 17:41:42.089481,0.314,19998
2020-07-24 17:41:42.404408,0.277,23069
2020-07-24 17:41:42.684537,0.281,22841
2020-07-24 17:41:42.966272,0.365,23785
2020-07-24 17:41:43.336832,0.275,21041
2020-07-24 17:41:43.614806,0.37,23023
2020-07-24 17:41:43.990002,0.362,22635
2020-07-24 17:41:44.357202,0.318,20193
2020-07-24 17:41:44.677275,0.34900000000000003,20371
2020-07-24 17:41:45.031541,0.332,24724
2020-07-24 17:41:45.363919,0.266,19747
2020-07-24 17:41:45.632636,0.32,23030
2020-07-24 17:41:45.955267,0.34700000000000003,19211
2020-07-24 17:41:46.307501,0.299,20655
2020-07-24 17:41:46.611803,0.363,21742
2020-07-24 17:41:46.980070,0.325,19635
2020-07-24 17:41:47.310402,0.257,19305
2020-07-24 17:41:47.572743,0.314,22536
2020-07-24 17:41:47.889218,0.254,24296
2020-07-24 17:41:48.147702,0.266,23429
2020-07-24 17:41:48.418995,0.36,22473
2020-07-24 17:41:48.779134,0.36,21444
2020-07-24 17:41:49.139422,0.37,23085
2020-07-24 17:41:49.511956,0.366,24632
2020-07-24 17:41:49.883218,0.28800000000000003,20754
2020-07-24 17:41:50.172405,0.335,19222
2020-07-24 17:41:50.512741,0.318,21571
2020-07-24 17:41:50.835626,0.34900000000000003,20415
2020-07-24 17:41:51.189904,0.26,24670
2020-07-24 17:41:51.455160,0.381,21935
2020-07-24 17:41:51.837845,0.258,21431
2020-07-24 17:41:52.101115,0.398,19770
2020-07-24 17:41:52.499273,0.332,22793
2020-07-24 17:41:52.833866,0.328,24036
2020-07-24 17:41:53.167149,0.365,19825
2020-07-24 17:41:53.532363,0.303,20263
2020-07-24 17:41:53.840521,0.379,19297
2020-07-24 17:41:54.224784,0.381,22748
2020-07-24 17:41:54.606583,0.261,21316
2020-07-24 17:41:54.872854,0.323,24506
2020-07-24 17:41:55.201107,0.398,21455
2020-07-24 17:41:55.600130,0.352,24144
2020-07-24 17:41:55.957450,0.275,22808
2020-07-24 17:41:56.237710,0.334,24344
2020-07-24 17:41:56.573993,0.371,21403
2020-07-24 17:41:56.950272,0.395,24113
2020-07-24 17:41:57.350533,0.35100000000000003,19287
2020-07-24 17:41:57.706797,0.31,22489
2020-07-24 17:41:58.018171,0.294,19539
2020-07-24 17:41:58.314562,0.34500000000000003,22116
2020-07-24 17:41:58.663385,0.393,19274
2020-07-24 17:41:59.057691,0.269,24707
2020-07-24 17:41:59.326893,0.289,21073
2020-07-24 17:41:59.621155,0.321,19599
2020-07-24 17:41:59.947417,0.364,23190
2020-07-24 17:42:00.314341,0.304,23606
2020-07-24 17:42:00.618887,0.319,20990
2020-07-24 17:42:00.943140,0.265,19456
2020-07-24 17:42:01.213387,0.34400000000000003,20890
2020-07-24 17:42:01.562650,0.313,20602
2020-07-24 17:42:01.876154,0.304,23745
2020-07-24 17:42:02.185426,0.362,24252
2020-07-24 17:42:02.551839,0.361,21341
2020-07-24 17:42:02.918147,0.353,20008
2020-07-24 17:42:03.275860,0.26,23501
2020-07-24 17:42:03.541138,0.396,22742
2020-07-24 17:42:03.942460,0.312,20245
2020-07-24 17:42:04.256651,0.371,22153
2020-07-24 17:42:04.632519,0.384,21850
2020-07-24 17:42:05.017518,0.323,24019
2020-07-24 17:42:05.345782,0.389,24298
2020-07-24 17:42:05.739226,0.371,23256
2020-07-24 17:42:06.115447,0.343,21521
2020-07-24 17:42:06.463706,0.399,20000
2020-07-24 17:42:06.867966,0.371,23568
2020-07-24 17:42:07.244225,0.337,21795
2020-07-24 17:42:07.586045,0.323,20140
2020-07-24 17:42:07.909803,0.255,24294
2020-07-24 17:42:08.168922,0.278,24571
2020-07-24 17:42:08.452207,0.371,19568
2020-07-24 17:42:08.827754,0.368,23408
2020-07-24 17:42:09.196344,0.3,20236
2020-07-24 17:42:09.496620,0.318,23875
2020-07-24 17:42:09.819938,0.383,21757
2020-07-24 17:42:10.205948,0.275,20935
2020-07-24 17:42:10.486257,0.342,22850
2020-07-24 17:42:10.833007,0.317,22017
2020-07-24 17:42:11.153985,0.31,23981
2020-07-24 17:42:11.469240,0.257,19362
2020-07-24 17:42:11.731496,0.265,19859
2020-07-24 17:42:12.001746,0.34800000000000003,24738
2020-07-24 17:42:12.354996,0.392,19382
2020-07-24 17:42:12.747483,0.322,23362
2020-07-24 17:42:13.074802,0.277,20994
2020-07-24 17:42:13.356771,0.396,23595
2020-07-24 17:42:13.758072,0.251,24122
2020-07-24 17:42:14.014343,0.28800000000000003,21160
2020-07-24 17:42:14.307654,0.343,20495
2020-07-24 17:42:14.653011,0.369,22920
2020-07-24 17:42:15.027287,0.39,23650
2020-07-24 17:42:15.422568,0.253,19011
2020-07-24 17:42:15.680853,0.378,23156
2020-07-24 17:42:16.064118,0.279,23588
2020-07-24 17:42:16.348392,0.255,22209
2020-07-24 17:42:16.608654,0.278,20975
2020-07-24 17:42:16.890457,0.28800000000000003,22427
2020-07-24 17:42:17.183721,0.383,24472
2020-07-24 17:42:17.571275,0.32,21639
2020-07-24 17:42:17.896531,0.335,23449
2020-07-24 17:42:18.234153,0.261,23517
2020-07-24 17:42:18.498936,0.268,21016
2020-07-24 17:42:18.768406,0.366,19248
2020-07-24 17:42:19.139670,0.394,24583
2020-07-24 17:42:19.536254,0.34400000000000003,20489
2020-07-24 17:42:19.885532,0.26,21460
2020-07-24 17:42:20.150804,0.34900000000000003,23833
2020-07-24 17:42:20.503634,0.333,19308
2020-07-24 17:42:20.841919,0.335,20599
2020-07-24 17:42:21.182220,0.333,23462
2020-07-24 17:42:21.520501,0.372,20228
2020-07-24 17:42:21.897758,0.328,21075
2020-07-24 17:42:22.231017,0.378,20245
2020-07-24 17:42:22.614270,0.335,20041
2020-07-24 17:42:22.949789,0.367,19220
2020-07-24 17:42:23.322057,0.316,20847
2020-07-24 17:42:23.638783,0.395,23374
2020-07-24 17:42:24.037474,0.335,20375
2020-07-24 17:42:24.377758,0.35000000000000003,23462
2020-07-24 17:42:24.729338,0.353,20258
2020-07-24 17:42:25.082590,0.291,22865
2020-07-24 17:42:25.378849,0.28,22607
2020-07-24 17:42:25.664105,0.39,23420
2020-07-24 17:42:26.059383,0.298,19956
2020-07-24 17:42:26.362684,0.331,23909
2020-07-24 17:42:26.694194,0.391,21908
2020-07-24 17:42:27.090530,0.264,21299
2020-07-24 17:42:27.357349,0.355,19515
2020-07-24 17:42:27.714611,0.384,23673
2020-07-24 17:42:28.103877,0.388,20219
2020-07-24 17:42:28.497131,0.342,22069
2020-07-24 17:42:28.841680,0.356,21360
2020-07-24 17:42:29.199406,0.383,19091
2020-07-24 17:42:29.583276,0.395,19137
2020-07-24 17:42:29.983536,0.28700000000000003,23830
2020-07-24 17:42:30.272788,0.315,19480
2020-07-24 17:42:30.593040,0.35000000000000003,19109
2020-07-24 17:42:30.948295,0.281,22232
2020-07-24 17:42:31.231110,0.337,21401
2020-07-24 17:42:31.568337,0.37,21363
2020-07-24 17:42:31.943621,0.342,21917
2020-07-24 17:42:32.290392,0.264,21195
2020-07-24 17:42:32.558737,0.289,19549
2020-07-24 17:42:32.853004,0.343,21957
2020-07-24 17:42:33.198820,0.308,21056
2020-07-24 17:42:33.512083,0.252,22111
2020-07-24 17:42:33.767882,0.28600000000000003,22425
2020-07-24 17:42:34.056785,0.268,19917
2020-07-24 17:42:34.325430,0.383,21847
2020-07-24 17:42:34.713748,0.295,20270
2020-07-24 17:42:35.014024,0.302,24575
2020-07-24 17:42:35.317826,0.39,21479
2020-07-24 17:42:35.713398,0.267,23340
2020-07-24 17:42:35.985690,0.309,24039
2020-07-24 17:42:36.295765,0.28400000000000003,19293
2020-07-24 17:42:36.585049,0.358,22796
2020-07-24 17:42:36.948311,0.29,20111
2020-07-24 17:42:37.241153,0.338,21533
2020-07-24 17:42:37.581188,0.267,20506
2020-07-24 17:42:37.853446,0.39,21145
2020-07-24 17:42:38.248730,0.266,24794
2020-07-24 17:42:38.515334,0.316,19557
2020-07-24 17:42:38.836587,0.397,19057
2020-07-24 17:42:39.238855,0.278,22243
2020-07-24 17:42:39.522135,0.332,23140
2020-07-24 17:42:39.859397,0.31,19335
2020-07-24 17:42:40.174052,0.36,23554
2020-07-24 17:42:40.539312,0.33,24604
2020-07-24 17:42:40.872085,0.378,20910
2020-07-24 17:42:41.255351,0.28400000000000003,23443
2020-07-24 17:42:41.541184,0.343,19409
2020-07-24 17:42:41.888845,0.273,21059
2020-07-24 17:42:42.167093,0.331,23473
2020-07-24 17:42:42.503344,0.361,19060
2020-07-24 17:42:42.865395,0.323,23136
2020-07-24 17:42:43.192253,0.297,20575
2020-07-24 17:42:43.491695,0.39,21210
2020-07-24 17:42:43.886972,0.399,24642
2020-07-24 17:42:44.291256,0.258,24480
2020-07-24 17:42:44.552639,0.317,24258
2020-07-24 17:42:44.873507,0.274,19227
2020-07-24 17:42:45.152774,0.257,20943
2020-07-24 17:42:45.412574,0.394,23194
2020-07-24 17:42:45.811832,0.391,22847
2020-07-24 17:42:46.208093,0.34,22055
2020-07-24 17:42:46.553354,0.32,20970
2020-07-24 17:42:46.878629,0.255,23439
2020-07-24 17:42:47.134305,0.379,24137
2020-07-24 17:42:47.518587,0.396,19905
2020-07-24 17:42:47.915291,0.382,20646
2020-07-24 17:42:48.302550,0.363,19682
2020-07-24 17:42:48.670806,0.324,19224
2020-07-24 17:42:49.000055,0.393,22885
2020-07-24 17:42:49.397853,0.277,21284
2020-07-24 17:42:49.680117,0.395,23194
2020-07-24 17:42:50.079478,0.299,21113
2020-07-24 17:42:50.383763,0.28300000000000003,19371
2020-07-24 17:42:50.670284,0.392,21637
2020-07-24 17:42:51.062622,0.329,23666
2020-07-24 17:42:51.396800,0.363,21420
2020-07-24 17:42:51.761207,0.316,20676
2020-07-24 17:42:52.082059,0.28700000000000003,22152
2020-07-24 17:42:52.369398,0.357,24556
2020-07-24 17:42:52.727204,0.28800000000000003,19834
2020-07-24 17:42:53.020480,0.342,21944
2020-07-24 17:42:53.367741,0.307,23415
2020-07-24 17:42:53.677730,0.266,19966
2020-07-24 17:42:53.944174,0.264,21796
2020-07-24 17:42:54.212596,0.35000000000000003,20365
2020-07-24 17:42:54.567902,0.36,19256
2020-07-24 17:42:54.928259,0.359,23051
2020-07-24 17:42:55.288192,0.255,23155
2020-07-24 17:42:55.548446,0.36,19283
2020-07-24 17:42:55.912741,0.353,24447
2020-07-24 17:42:56.270572,0.327,23290
2020-07-24 17:42:56.602827,0.255,24823
2020-07-24 17:42:56.860752,0.289,19812
2020-07-24 17:42:57.150393,0.271,22743
2020-07-24 17:42:57.424014,0.312,22275
2020-07-24 17:42:57.737683,0.35100000000000003,24005
2020-07-24 17:42:58.093948,0.305,23257
2020-07-24 17:42:58.404208,0.368,22623
2020-07-24 17:42:58.777479,0.34,24171
2020-07-24 17:42:59.119939,0.353,24245
2020-07-24 17:42:59.478191,0.305,22185
2020-07-24 17:42:59.788442,0.251,24922
2020-07-24 17:43:00.042898,0.297,19013
2020-07-24 17:43:00.345167,0.28,24768
2020-07-24 17:43:00.626177,0.32,22794
2020-07-24 17:43:00.951431,0.377,23787
2020-07-24 17:43:01.332854,0.28300000000000003,23381
2020-07-24 17:43:01.620200,0.29,19361
2020-07-24 17:43:01.915476,0.312,24888
2020-07-24 17:43:02.232756,0.258,19159
2020-07-24 17:43:02.495386,0.315,20216
2020-07-24 17:43:02.811175,0.308,21336
2020-07-24 17:43:03.122250,0.262,20815
2020-07-24 17:43:03.386630,0.307,19853
2020-07-24 17:43:03.694452,0.266,19187
2020-07-24 17:43:03.964133,0.35100000000000003,24881
2020-07-24 17:43:04.315383,0.369,20596
2020-07-24 17:43:04.689652,0.341,23194
2020-07-24 17:43:05.034265,0.34500000000000003,24659
2020-07-24 17:43:05.384430,0.323,19180
2020-07-24 17:43:05.712693,0.378,20574
2020-07-24 17:43:06.095957,0.356,22600
2020-07-24 17:43:06.452328,0.343,21928
2020-07-24 17:43:06.798056,0.3,23067
2020-07-24 17:43:07.103348,0.339,22678
2020-07-24 17:43:07.443420,0.326,22266
2020-07-24 17:43:07.774683,0.364,23775
2020-07-24 17:43:08.140929,0.276,22703
2020-07-24 17:43:08.422187,0.374,21976
2020-07-24 17:43:08.801455,0.278,22477
2020-07-24 17:43:09.080662,0.387,19769
2020-07-24 17:43:09.472928,0.367,23614
2020-07-24 17:43:09.844586,0.296,21033
2020-07-24 17:43:10.144387,0.304,19002
2020-07-24 17:43:10.453193,0.385,24107
